{
  "metadata": {
    "n_factors": 3,
    "n_observations": 33,
    "cumulative_variance": 0.8573544976311068,
    "name": "us",
    "created_at": "2026-03-07T13:55:02.010195"
  },
  "Vt": [
    [
      -0.13590242571183403,
      0.14869932155532065,
      -0.04844051786819159,
      -0.4304882495091598,
      0.19021214967066227,
      0.30925952689370717,
      0.09540010445769875,
      -0.13010663556651783,
      0.20695503765177536,
      0.24090972373762468,
      0.32570066587606006,
      0.16235258721142293,
      0.18211583180185334,
      0.1359331371122724,
      0.21354522647054416,
      0.25016458862427293,
      0.023241128286807657,
      0.11772459336925914,
      0.17276240867485473,
      0.42014314762678834
    ],
    [
      -0.11182871122216397,
      -0.15670930507391861,
      0.00496771001031226,
      -0.7810831607875655,
      -0.11100428619454225,
      -0.13867011334266038,
      -0.011576132476534228,
      -0.3616097058029683,
      -0.04127680263923395,
      -0.04914820827855671,
      -0.1351998285277113,
      -0.0668581663020033,
      -0.11522253291174507,
      -0.0955762599789863,
      -0.09648910177971014,
      -0.10591865787535927,
      -0.06844023595402765,
      -0.0780152306519718,
      -0.21688133045032076,
      -0.2505150053611227
    ],
    [
      0.10847069885770817,
      -0.17456276085468045,
      0.10871127491930947,
      0.12729838996119722,
      -0.29943684855663066,
      0.09709066860124553,
      -0.3084044222936691,
      -0.3409165462139137,
      -0.055472699556589164,
      -0.25719759046329543,
      0.1832892778128421,
      -0.19313600938418082,
      -0.09718908729803227,
      -0.13301250740756054,
      -0.06064399685736942,
      0.09335545655321505,
      -0.2639784643150945,
      -0.2571223705794906,
      -0.06096958620432804,
      0.5478534583998295
    ]
  ],
  "etf_columns": [
    "GLD",
    "ITA",
    "TLT",
    "USO",
    "VAW",
    "VCR",
    "VDC",
    "VDE",
    "VEU",
    "VFH",
    "VGT",
    "VHT",
    "VIS",
    "VNQ",
    "VOO",
    "VOX",
    "VPU",
    "VYM",
    "XAR",
    "XSD"
  ],
  "etf_mean": [
    0.001806834513093273,
    0.002020337272066193,
    -0.0008789827902066623,
    0.006867605653214698,
    0.0018752331195670143,
    0.00036482521610611574,
    0.0005164215905334984,
    0.004630409518601433,
    -0.0009075390704982782,
    -0.000981158090940752,
    0.0005303425762855278,
    0.0013480633368445122,
    0.0012131034355934264,
    0.0017941404927267716,
    0.0008211966105302279,
    -0.00020618904135110073,
    0.0034291724145133653,
    0.0006715378328567296,
    0.0037377740848954662,
    0.0011276740864036951
  ],
  "loadings": [
    [
      0.0740175477627244,
      0.021952921993026807,
      -0.25853456785307954
    ],
    [
      0.393492997148079,
      -0.10817697142068755,
      0.30010710104534294
    ],
    [
      0.3810955158694272,
      -0.1392607924304512,
      0.23053989318536544
    ],
    [
      0.423012598499732,
      -0.20391119825934267,
      0.47615534789398894
    ],
    [
      0.48109143581813585,
      -0.08041158743615781,
      0.31847214118472983
    ],
    [
      0.348315823432957,
      -0.004082984089724417,
      -0.2682591454487091
    ],
    [
      0.2768234555262121,
      0.004044280221110523,
      -0.28485113511184595
    ],
    [
      0.2025548768616614,
      0.00885579728630298,
      -0.23962746626954562
    ],
    [
      0.32650311554756994,
      -0.22170502966068154,
      0.22021368227637475
    ],
    [
      0.13091476495048612,
      -0.015312615913588944,
      -0.34769543259817537
    ],
    [
      0.11636500071244436,
      -0.022682744920765108,
      -0.05076890586366816
    ],
    [
      0.3916874075427615,
      -0.05526972434592191,
      0.0814883493053728
    ],
    [
      0.3847378181427742,
      -0.17517682348953842,
      0.31842409330900107
    ],
    [
      0.42155567022047225,
      -0.26677900822279443,
      0.1738676026433646
    ],
    [
      -0.15193237432119594,
      -0.2850338272059024,
      -0.15847449211580533
    ],
    [
      0.20695286220395628,
      0.006420060945472162,
      -0.11548198209347585
    ],
    [
      0.2335659519447666,
      -0.05777312564474275,
      -0.12410876114904149
    ],
    [
      0.29002846321566905,
      -0.04386105873851206,
      -0.20638127661286076
    ],
    [
      0.10187699193719645,
      -0.07665893271840055,
      -0.07791078987654944
    ],
    [
      0.25797695162920903,
      -0.035674360316386926,
      -0.035751450892501
    ],
    [
      0.5077120635418406,
      -0.30958844047839246,
      0.18409217001166692
    ],
    [
      -0.002485681539475522,
      -0.09692635207568114,
      -0.5217808150051605
    ],
    [
      0.07114873801601262,
      -0.0670572084728692,
      -0.20912770248036056
    ],
    [
      -0.04847550116272803,
      -0.21515747454165599,
      -0.4959319438882828
    ],
    [
      0.20233119171048103,
      -0.09535475341259793,
      -0.07710056280769138
    ],
    [
      -0.00307959067324671,
      -0.006378092833742643,
      -0.5186726861604647
    ],
    [
      0.1390512395031915,
      -0.03150844095473647,
      -0.23621927349743813
    ],
    [
      0.3035156630272945,
      -0.18778194187581426,
      0.10546212161425275
    ],
    [
      0.3804559664344837,
      -0.15193576464563718,
      0.4351176048784727
    ],
    [
      0.2835808511059519,
      -0.1007583412375066,
      -0.13468893121898806
    ],
    [
      0.04697927524407687,
      -0.0035846513098725316,
      -0.45437429362542897
    ],
    [
      0.4643433744309826,
      -0.07551729296813975,
      0.4270341235560613
    ],
    [
      0.08081435992674893,
      0.01870437925121396,
      -0.38065178343763
    ],
    [
      -0.0985029040023512,
      -0.2350117595757319,
      -0.28247001066443295
    ],
    [
      0.11098826496085544,
      -0.08463414903823614,
      -0.17663957985214732
    ],
    [
      -0.12180850696486992,
      -0.11517514318188929,
      -0.4206167581951319
    ],
    [
      0.48251804183280667,
      -0.18356592801303162,
      0.31167569686267116
    ],
    [
      0.2899403603324102,
      0.02230291570107873,
      0.1454260928948136
    ],
    [
      0.22712782770072995,
      -0.10424763634683801,
      0.08908902720769951
    ],
    [
      0.29956560660903064,
      -0.05488872406039022,
      0.16880511903245868
    ],
    [
      -0.0873921357089424,
      -0.17357542057316414,
      -0.5550782777956627
    ],
    [
      0.5025054759917851,
      -0.20406866102953194,
      0.49748079377043564
    ],
    [
      0.24979066761604152,
      -0.03179743957986096,
      -0.007779392787795617
    ],
    [
      0.369470122570029,
      -0.2368820549905952,
      0.21610541018126078
    ],
    [
      0.06917956598354942,
      -0.01948112235555473,
      -0.3088006237616289
    ],
    [
      0.10872582032417054,
      0.0470088645135789,
      -0.4297377512316379
    ],
    [
      0.2486257019189604,
      -0.11108829552302543,
      -0.14263285173443857
    ],
    [
      0.41380434920331877,
      -0.307006125316243,
      0.28659440736032005
    ],
    [
      0.179661337183635,
      -0.17243158728695138,
      0.2451896353308951
    ],
    [
      0.13100022329811056,
      -0.05885343241205951,
      0.017699803489700974
    ],
    [
      0.10176334303331049,
      -0.08117398017436289,
      -0.34032075607481327
    ],
    [
      0.39040743129984623,
      -0.2157989177421085,
      0.5313216822325058
    ],
    [
      0.1432246639141986,
      -0.16013297118100162,
      0.08290499095962238
    ],
    [
      0.25137788719203924,
      -0.07681200376534651,
      -0.10753694993094537
    ],
    [
      0.1984538462323247,
      -0.04315441656472053,
      -0.11874349790380936
    ],
    [
      0.2381282185734656,
      -0.10209091896978029,
      0.15451937939802546
    ],
    [
      0.12334228508490207,
