{
  "metadata": {
    "n_factors": 3,
    "n_observations": 33,
    "cumulative_variance": 0.8573550719351891,
    "name": "us",
    "created_at": "2026-03-09T14:28:22.468662"
  },
  "Vt": [
    [
      -0.13590240843156431,
      0.14869918117249573,
      -0.048440334083792565,
      -0.4304883761407409,
      0.1902119249585822,
      0.3092590444557472,
      0.09540016087174781,
      -0.1301067147434593,
      0.20695488728313777,
      0.2409098063373715,
      0.32570009649722653,
      0.1623527763586121,
      0.18211539565854964,
      0.1359335481713139,
      0.21354529271266098,
      0.25016518207511573,
      0.02324157706859336,
      0.11772428956942953,
      0.17276233412898942,
      0.42014366884869775
    ],
    [
      -0.1118285239041865,
      -0.15670902410480178,
      0.004967368727247739,
      -0.781082569345237,
      -0.11100401683762953,
      -0.13866877445297454,
      -0.011576054645923485,
      -0.36161077713580464,
      -0.041275833735517124,
      -0.04914820097849456,
      -0.13520096552357674,
      -0.06685857507563865,
      -0.11522220805066553,
      -0.09557590036807594,
      -0.09648930674629894,
      -0.10591899726630515,
      -0.06844159342933329,
      -0.07801506867335009,
      -0.2168813667864989,
      -0.2505155838597803
    ],
    [
      0.10846931334347026,
      -0.17457052551280575,
      0.10869806242468248,
      0.12730342826320623,
      -0.29943350766582,
      0.09709333927573394,
      -0.30840145222596305,
      -0.34091999980006243,
      -0.05546923198507974,
      -0.25719499290375236,
      0.18328948153034993,
      -0.19313432811113543,
      -0.09718615143669937,
      -0.13301525659947822,
      -0.06064075214490633,
      0.09335336752241304,
      -0.2639874682241716,
      -0.2571195240727196,
      -0.06097844527283111,
      0.5478522600283472
    ]
  ],
  "etf_columns": [
    "GLD",
    "ITA",
    "TLT",
    "USO",
    "VAW",
    "VCR",
    "VDC",
    "VDE",
    "VEU",
    "VFH",
    "VGT",
    "VHT",
    "VIS",
    "VNQ",
    "VOO",
    "VOX",
    "VPU",
    "VYM",
    "XAR",
    "XSD"
  ],
  "etf_mean": [
    0.001806834513093273,
    0.002020339997008576,
    -0.0008789845134915676,
    0.006867605653214698,
    0.0018752406471195988,
    0.00036482409176719413,
    0.0005164266743974007,
    0.004630410108002261,
    -0.0009075391804692735,
    -0.0009811574502485221,
    0.0005303376875647159,
    0.0013480614130145683,
    0.0012130904068354215,
    0.0017941431646896883,
    0.0008211919783389878,
    -0.0002061883725792951,
    0.003429172438666913,
    0.0006715329921395893,
    0.003737762266352194,
    0.0011276732475533557
  ],
  "loadings": [
    [
      0.07401636765346493,
      0.021954181471333323,
      -0.2585356638661474
    ],
    [
      0.3934929767969099,
      -0.10817751132133413,
      0.30010367585250664
    ],
    [
      0.38109531667306923,
      -0.13926246108665574,
      0.23054286297224383
    ],
    [
      0.4230116704683064,
      -0.2039118358119555,
      0.4761576408587733
    ],
    [
      0.4810913867372457,
      -0.08041357800964156,
      0.3184775402131359
    ],
    [
      0.34831626661196613,
      -0.004081703305155254,
      -0.2682547297851233
    ],
    [
      0.2768234453762182,
      0.004045584787506884,
      -0.28484971687714034
    ],
    [
      0.20255483103757782,
      0.00885555526497172,
      -0.23962461007268762
    ],
    [
      0.32650294100326915,
      -0.2217052891681856,
      0.22021336132316488
    ],
    [
      0.13091483167484658,
      -0.015313680861322593,
      -0.3476913455792125
    ],
    [
      0.11636507371209129,
      -0.022683050440736804,
      -0.05077189368339238
    ],
    [
      0.39168716118924357,
      -0.055269890248955164,
      0.08149153343061533
    ],
    [
      0.3847380550499315,
      -0.1751781369276004,
      0.3184217119167212
    ],
    [
      0.4215552193700545,
      -0.26677986424480243,
      0.17385753904064236
    ],
    [
      -0.1519331184287271,
      -0.28503227495788497,
      -0.15847440048456615
    ],
    [
      0.2069526580910799,
      0.006418880640418272,
      -0.11548204429234378
    ],
    [
      0.23356595104799846,
      -0.05777231864089252,
      -0.12410386930961753
    ],
    [
      0.290028459342964,
      -0.043861626540081564,
      -0.2063838888416713
    ],
    [
      0.10187587524271675,
      -0.07665894555711984,
      -0.07791194633419227
    ],
    [
      0.2579770567308571,
      -0.035674725923860194,
      -0.035750445626950275
    ],
    [
      0.5077117861730953,
      -0.30958919622145764,
      0.1840809667993467
    ],
    [
      -0.002485410484570803,
      -0.09692628621420385,
      -0.5217886014172728
    ],
    [
      0.07114839147166721,
      -0.06705796034819927,
      -0.20912703482395337
    ],
    [
      -0.04847649207193119,
      -0.21515710884575417,
      -0.4959394755242134
    ],
    [
      0.20233074500931286,
      -0.09535600170181802,
      -0.07709978835687234
    ],
    [
      -0.0030795274296243885,
      -0.006377187059161377,
      -0.5186720657817064
    ],
    [
      0.13905136934797588,
      -0.031508405329297676,
      -0.23622554078287814
    ],
    [
      0.30351564190525465,
      -0.18778248928822244,
      0.1054543329380413
    ],
    [
      0.38045624641932846,
      -0.15193625854195975,
      0.4351185580377776
    ],
    [
      0.28358077350060756,
      -0.10075884055905221,
      -0.13469202964031102
    ],
    [
      0.046979555482816265,
      -0.0035848703092835055,
      -0.4543701508123307
    ],
    [
      0.4643444382025328,
      -0.07551809460055448,
      0.4270361792095503
    ],
    [
      0.0808145729105821,
      0.018704464419685776,
      -0.38064759070703574
    ],
    [
      -0.0985021591608103,
      -0.23501174936175823,
      -0.2824862733074571
    ],
    [
      0.11098683218656613,
      -0.08463545312947698,
      -0.17664033282123523
    ],
    [
      -0.12180876156175433,
      -0.1151762260853082,
      -0.420626866334832
    ],
    [
      0.4825179025381074,
      -0.18356670776639555,
      0.31167840620618015
    ],
    [
      0.2899400935479022,
      0.022302221489094734,
      0.1454253345903685
    ],
    [
      0.22712725754171684,
      -0.10424937754168975,
      0.08908778609562415
    ],
    [
      0.29956624128176196,
      -0.05488775331999622,
      0.16880072972581775
    ],
    [
      -0.08739229919564573,
      -0.17357659545816417,
      -0.5550961889407954
    ],
    [
      0.5025053966123794,
      -0.20406917909547906,
      0.4974771372434126
    ],
    [
      0.24978935927595786,
      -0.03179851162740467,
      -0.007780037508863503
    ],
    [
      0.3694699913552779,
      -0.23688275287227542,
      0.21609366689759946
    ],
    [
      0.06918021913662817,
      -0.01947806316116671,
      -0.308800563423453
    ],
    [
      0.10872625955427714,
      0.04700825986514802,
      -0.4297383028988008
    ],
    [
      0.24862606008848898,
      -0.11108752750072906,
      -0.14262741575015603
    ],
    [
      0.41380492452697454,
      -0.3070062442757732,
      0.2865940264423032
    ],
    [
      0.17966248072478438,
      -0.1724298821397635,
      0.24519385907925273
    ],
    [
      0.1310004299785307,
      -0.05885350929934025,
      0.017697294634019683
    ],
    [
      0.10176410008543509,
      -0.08117480511186001,
      -0.3403283767467286
    ],
    [
      0.39040730757137027,
      -0.21579935723581545,
      0.5313182026573918
    ],
    [
      0.14322459590006456,
